Name,draft_year,draft_pick,actual_tier,pred_tier,actual_tier_label,pred_tier_label,confidence,p_bust,p_bench,p_starter,p_star,ordinal_error,within_one,distance_weighted_credit,expected_class,expected_class_error
Austin Reaves,2021,77,3,0,star,bust,0.5675,0.5675,0.2891,0.1354,0.008,3,False,0.0,0.5839,2.4161
Jalen Williams,2022,21,3,1,star,bench,0.4506,0.4012,0.4506,0.1381,0.0101,2,False,0.3333,0.757,2.243
Kobe Bufkin,2023,11,0,2,bust,starter,0.6308,0.0478,0.1594,0.6308,0.162,2,False,0.3333,1.9069,1.9069
Jalen Johnson,2021,17,3,1,star,bench,0.3982,0.2865,0.3982,0.2506,0.0647,2,False,0.3333,1.0934,1.9066
James Bouknight,2021,7,0,2,bust,starter,0.5745,0.0584,0.1803,0.5745,0.1867,2,False,0.3333,1.8895,1.8895
Ousmane Dieng,2022,14,0,2,bust,starter,0.3977,0.1484,0.2981,0.3977,0.1558,2,False,0.3333,1.561,1.561
Marcus Bagley,2023,89,2,0,starter,bust,0.6421,0.6421,0.2711,0.0832,0.0036,2,False,0.3333,0.4483,1.5517
Wendell Moore,2022,20,0,2,bust,starter,0.3831,0.1674,0.2821,0.3831,0.1673,2,False,0.3333,1.5504,1.5504
Leaky Black,2023,81,2,0,starter,bust,0.5736,0.5736,0.3261,0.0922,0.0081,2,False,0.3333,0.5349,1.4651
TyTy Washington,2022,22,0,2,bust,starter,0.3506,0.1916,0.3061,0.3506,0.1517,2,False,0.3333,1.4622,1.4622
Jaden Springer,2021,29,0,2,bust,starter,0.3407,0.2003,0.3204,0.3407,0.1386,2,False,0.3333,1.4177,1.4177
Dalen Terry,2022,31,0,2,bust,starter,0.4042,0.1799,0.323,0.4042,0.0928,2,False,0.3333,1.41,1.41
Jason Preston,2021,36,0,2,bust,starter,0.3708,0.2356,0.2898,0.3708,0.1037,2,False,0.3333,1.3427,1.3427
Mac McClung,2021,64,2,0,starter,bust,0.4881,0.4881,0.3745,0.1245,0.0129,2,False,0.3333,0.6622,1.3378
Amari Bailey,2023,42,0,2,bust,starter,0.362,0.2174,0.3364,0.362,0.0843,2,False,0.3333,1.3132,1.3132
Joel Ayayi,2021,30,0,2,bust,starter,0.3483,0.2228,0.3413,0.3483,0.0877,2,False,0.3333,1.3008,1.3008
Dariq Whitehead,2023,38,2,0,starter,bust,0.4985,0.4985,0.3189,0.1663,0.0162,2,False,0.3333,0.7003,1.2997
Drew Timme,2023,65,2,0,starter,bust,0.4656,0.4656,0.3715,0.1514,0.0116,2,False,0.3333,0.7089,1.2911
Toumani Camara,2023,57,2,0,starter,bust,0.4693,0.4693,0.3621,0.1573,0.0113,2,False,0.3333,0.7106,1.2894
Jabari Walker,2022,52,2,0,starter,bust,0.4705,0.4705,0.3428,0.1688,0.0179,2,False,0.3333,0.7342,1.2658
Scotty Pippen Jr.,2022,62,2,0,starter,bust,0.4212,0.4212,0.3901,0.1731,0.0156,2,False,0.3333,0.7832,1.2168
GG Jackson,2023,31,2,0,starter,bust,0.3899,0.3899,0.3857,0.18,0.0444,2,False,0.3333,0.8789,1.1211
Quentin Grimes,2021,37,2,0,starter,bust,0.3825,0.3825,0.3743,0.1903,0.053,2,False,0.3333,0.9138,1.0862
Brandin Podziemski,2023,23,2,0,starter,bust,0.4028,0.4028,0.2616,0.2122,0.1234,2,False,0.3333,1.0562,0.9438
Mark Williams,2022,13,3,2,star,starter,0.3636,0.2047,0.3482,0.3636,0.0835,1,True,0.6667,1.3259,1.6741
Dyson Daniels,2022,11,3,2,star,starter,0.4322,0.125,0.2809,0.4322,0.1618,1,True,0.6667,1.6309,1.3691
Kennedy Chandler,2022,25,0,1,bust,bench,0.3215,0.2452,0.3215,0.2673,0.166,1,True,0.6667,1.354,1.354
Amen Thompson,2023,6,3,2,star,starter,0.4369,0.1015,0.3045,0.4369,0.1571,1,True,0.6667,1.6496,1.3504
Sharife Cooper,2021,35,0,1,bust,bench,0.3541,0.2325,0.3541,0.2514,0.162,1,True,0.6667,1.343,1.343
Keyonte George,2023,16,3,2,star,starter,0.4292,0.1161,0.2204,0.4292,0.2344,1,True,0.6667,1.7818,1.2182
Franz Wagner,2021,12,3,2,star,starter,0.5968,0.0686,0.2034,0.5968,0.1312,1,True,0.6667,1.7907,1.2093
Jalen Slawson,2023,69,2,1,starter,bench,0.4249,0.3824,0.4249,0.1787,0.014,1,True,0.6667,0.8243,1.1757
EJ Liddell,2022,32,0,1,bust,bench,0.4415,0.2305,0.4415,0.2561,0.072,1,True,0.6667,1.1696,1.1696
Kai Jones,2021,11,0,1,bust,bench,0.4262,0.2477,0.4262,0.2576,0.0686,1,True,0.6667,1.147,1.147
Chet Holmgren,2022,4,3,2,star,starter,0.4358,0.1123,0.1716,0.4358,0.2803,1,True,0.6667,1.8842,1.1158
Brice Sensabaugh,2023,35,2,1,starter,bench,0.387,0.3733,0.387,0.2067,0.033,1,True,0.6667,0.8993,1.1007
Andre Jackson,2023,29,0,1,bust,bench,0.4408,0.2597,0.4408,0.2491,0.0504,1,True,0.6667,1.0902,1.0902
Cameron Thomas,2021,23,2,1,starter,bench,0.4017,0.3641,0.4017,0.1919,0.0424,1,True,0.6667,0.9125,1.0875
Dereck Lively,2023,19,2,1,starter,bench,0.4105,0.348,0.4105,0.2047,0.0368,1,True,0.6667,0.9303,1.0697
Scottie Barnes,2021,5,3,2,star,starter,0.6674,0.0503,0.124,0.6674,0.1584,1,True,0.6667,1.9338,1.0662
Walker Kessler,2022,27,2,1,starter,bench,0.4064,0.3292,0.4064,0.2379,0.0265,1,True,0.6667,0.9617,1.0383
Aaron Henry,2021,54,0,1,bust,bench,0.4635,0.2667,0.4635,0.2353,0.0345,1,True,0.6667,1.0376,1.0376
Maxwell Lewis,2023,28,0,1,bust,bench,0.3906,0.3063,0.3906,0.2722,0.0309,1,True,0.6667,1.0278,1.0278
Herbert Jones,2021,41,2,1,starter,bench,0.4829,0.2707,0.4829,0.2091,0.0373,1,True,0.6667,1.013,0.987
Jalen Duren,2022,16,2,1,starter,bench,0.3509,0.3397,0.3509,0.2565,0.0529,1,True,0.6667,1.0225,0.9775
Trevor Keels,2022,47,0,1,bust,bench,0.3854,0.3486,0.3854,0.2108,0.0553,1,True,0.6667,0.9728,0.9728
Ochai Agbaji,2022,17,2,1,starter,bench,0.4659,0.2815,0.4659,0.1943,0.0583,1,True,0.6667,1.0294,0.9706
Terquavion Smith,2023,44,0,1,bust,bench,0.4303,0.3204,0.4303,0.2079,0.0414,1,True,0.6667,0.9703,0.9703
Evan Mobley,2021,2,3,2,star,starter,0.6203,0.0406,0.1137,0.6203,0.2254,1,True,0.6667,2.0306,0.9694
Jaylen Clark,2023,64,0,1,bust,bench,0.4032,0.3412,0.4032,0.2109,0.0447,1,True,0.6667,0.9592,0.9592
Bryce McGowens,2022,37,0,1,bust,bench,0.4212,0.3352,0.4212,0.1991,0.0446,1,True,0.6667,0.953,0.953
Andrew Nembhard,2022,34,2,1,starter,bench,0.4482,0.2682,0.4482,0.2402,0.0434,1,True,0.6667,1.0588,0.9412
Isaiah Wong,2023,45,0,1,bust,bench,0.4571,0.3197,0.4571,0.2006,0.0226,1,True,0.6667,0.926,0.926
Moses Wright,2021,43,0,1,bust,bench,0.4321,0.3464,0.4321,0.1897,0.0318,1,True,0.6667,0.9068,0.9068
Noah Clowney,2023,20,2,1,starter,bench,0.4135,0.2644,0.4135,0.2558,0.0662,1,True,0.6667,1.1239,0.8761
Shaedon Sharpe,2022,10,2,1,starter,bench,0.4273,0.2463,0.4273,0.2777,0.0487,1,True,0.6667,1.1287,0.8713
Jett Howard,2023,26,0,1,bust,bench,0.4517,0.35,0.4517,0.1772,0.0211,1,True,0.6667,0.8694,0.8694
Christian Koloko,2022,39,0,1,bust,bench,0.3942,0.385,0.3942,0.201,0.0198,1,True,0.6667,0.8555,0.8555
Brandon Miller,2023,3,3,2,star,starter,0.4632,0.0681,0.0915,0.4632,0.3772,1,True,0.6667,2.1495,0.8505
Cam Whitmore,2023,9,1,2,bench,starter,0.4881,0.085,0.2042,0.4881,0.2226,1,True,0.6667,1.8484,0.8484
Cade Cunningham,2021,1,3,2,star,starter,0.54,0.0378,0.0959,0.54,0.3263,1,True,0.6667,2.1546,0.8454
Jalen Hood-Schifino,2023,14,1,2,bench,starter,0.4803,0.0888,0.2106,0.4803,0.2203,1,True,0.6667,1.8321,0.8321
Ziaire Williams,2021,10,1,2,bench,starter,0.5795,0.0741,0.1843,0.5795,0.162,1,True,0.6667,1.8295,0.8295
Christian Braun,2022,30,2,1,starter,bench,0.4411,0.2177,0.4411,0.2712,0.07,1,True,0.6667,1.1934,0.8066
Paolo Banchero,2022,3,3,2,star,starter,0.449,0.0578,0.0856,0.449,0.4076,1,True,0.6667,2.2064,0.7936
Scoot Henderson,2023,2,2,1,starter,bench,0.4293,0.2004,0.4293,0.3135,0.0568,1,True,0.6667,1.2267,0.7733
Izaiah Brockington,2022,78,0,1,bust,bench,0.4354,0.4069,0.4354,0.1402,0.0175,1,True,0.6667,0.7682,0.7682
Tre Mann,2021,33,2,1,starter,bench,0.3431,0.2466,0.3431,0.2996,0.1107,1,True,0.6667,1.2744,0.7256
Keon Johnson,2021,16,1,2,bench,starter,0.5043,0.1016,0.2367,0.5043,0.1574,1,True,0.6667,1.7176,0.7176
Chris Duarte,2021,22,2,1,starter,bench,0.4037,0.1851,0.4037,0.3121,0.0991,1,True,0.6667,1.3252,0.6748
AJ Griffin,2022,7,1,2,bench,starter,0.4666,0.1157,0.2591,0.4666,0.1587,1,True,0.6667,1.6682,0.6682
Miles McBride,2021,20,1,2,bench,starter,0.4374,0.1103,0.2959,0.4374,0.1564,1,True,0.6667,1.6399,0.6399
Ayo Dosunmu,2021,24,2,1,starter,bench,0.3315,0.2236,0.3315,0.3002,0.1447,1,True,0.6667,1.366,0.634
Jaylen Martin,2023,85,1,0,bench,bust,0.6506,0.6506,0.2745,0.0716,0.0034,1,True,0.6667,0.4278,0.5722
Taylor Hendricks,2023,4,1,2,bench,starter,0.4116,0.1416,0.2963,0.4116,0.1505,1,True,0.6667,1.5709,0.5709
Jaime Jaquez,2023,24,2,1,starter,bench,0.3783,0.1642,0.3783,0.316,0.1414,1,True,0.6667,1.4346,0.5654
Joey Hauser,2023,98,1,0,bench,bust,0.6429,0.6429,0.267,0.0854,0.0046,1,True,0.6667,0.4517,0.5483
Moses Moody,2021,8,1,2,bench,starter,0.3313,0.1625,0.323,0.3313,0.1833,1,True,0.6667,1.5354,0.5354
Justin Powell,2023,100,1,0,bench,bust,0.6151,0.6151,0.3074,0.0736,0.0039,1,True,0.6667,0.4662,0.5338
Jose Alvarado,2021,90,1,0,bench,bust,0.6462,0.6462,0.2251,0.1238,0.0049,1,True,0.6667,0.4874,0.5126
Malaki Branham,2022,9,1,2,bench,starter,0.3526,0.1628,0.3233,0.3526,0.1614,1,True,0.6667,1.5125,0.5125
Bryson Williams,2022,57,1,0,bench,bust,0.6146,0.6146,0.2722,0.1083,0.0048,1,True,0.6667,0.5033,0.4967
Nah'Shon Hyland,2021,21,1,2,bench,starter,0.3715,0.1689,0.3207,0.3715,0.1389,1,True,0.6667,1.4804,0.4804
Collin Gillespie,2022,96,1,0,bench,bust,0.551,0.551,0.3448,0.097,0.0073,1,True,0.6667,0.5606,0.4394
Ryan Rollins,2022,36,1,2,bench,starter,0.3683,0.183,0.3278,0.3683,0.121,1,True,0.6667,1.4272,0.4272
DeJon Jarreau,2021,85,1,0,bench,bust,0.5453,0.5453,0.3426,0.1039,0.0083,1,True,0.6667,0.5752,0.4248
Keion Brooks,2023,77,1,0,bench,bust,0.5335,0.5335,0.3654,0.0924,0.0087,1,True,0.6667,0.5763,0.4237
Dalano Banton,2021,88,1,0,bench,bust,0.5371,0.5371,0.3496,0.106,0.0073,1,True,0.6667,0.5836,0.4164
Moussa Diabate,2022,68,1,0,bench,bust,0.5636,0.5636,0.2911,0.138,0.0072,1,True,0.6667,0.5888,0.4112
Tosan Evbuomwan,2023,68,1,0,bench,bust,0.5373,0.5373,0.3332,0.1217,0.0078,1,True,0.6667,0.6,0.4
Justin Champagnie,2021,58,1,0,bench,bust,0.5647,0.5647,0.2805,0.1362,0.0185,1,True,0.6667,0.6086,0.3914
Jared Butler,2021,25,1,2,bench,starter,0.3935,0.2044,0.3036,0.3935,0.0985,1,True,0.6667,1.3862,0.3862
Olivier Sarr,2021,81,1,0,bench,bust,0.4977,0.4977,0.391,0.1053,0.006,1,True,0.6667,0.6196,0.3804
Jalen Suggs,2021,3,2,3,starter,star,0.4949,0.0314,0.0533,0.4204,0.4949,1,True,0.6667,2.3789,0.3789
Sam Hauser,2021,66,1,0,bench,bust,0.5189,0.5189,0.3437,0.1259,0.0115,1,True,0.6667,0.63,0.37
Charles Bassey,2021,31,1,0,bench,bust,0.5512,0.5512,0.2719,0.1636,0.0133,1,True,0.6667,0.639,0.361
Baylor Scheierman,2023,70,1,0,bench,bust,0.5079,0.5079,0.3482,0.1381,0.0059,1,True,0.6667,0.642,0.358
Peyton Watson,2022,44,1,0,bench,bust,0.522,0.522,0.3193,0.149,0.0096,1,True,0.6667,0.6463,0.3537
Kessler Edwards,2021,61,1,0,bench,bust,0.5091,0.5091,0.3269,0.1543,0.0096,1,True,0.6667,0.6644,0.3356
Jericho Sims,2021,45,1,0,bench,bust,0.5067,0.5067,0.318,0.1668,0.0086,1,True,0.6667,0.6772,0.3228
Colin Castleton,2023,79,1,0,bench,bust,0.4707,0.4707,0.3893,0.1271,0.0129,1,True,0.6667,0.6822,0.3178
David Roddy,2022,65,1,0,bench,bust,0.5121,0.5121,0.3038,0.1716,0.0125,1,True,0.6667,0.6846,0.3154
Jalen Pickett,2023,41,1,0,bench,bust,0.5139,0.5139,0.3015,0.1694,0.0152,1,True,0.6667,0.6859,0.3141
Rayan Rupert,2023,22,1,0,bench,bust,0.4849,0.4849,0.3561,0.144,0.015,1,True,0.6667,0.6891,0.3109
Damion Baugh,2023,87,1,0,bench,bust,0.469,0.469,0.3803,0.1379,0.0128,1,True,0.6667,0.6944,0.3056
Duane Washington Jr.,2021,62,1,0,bench,bust,0.4593,0.4593,0.3849,0.1449,0.0109,1,True,0.6667,0.7075,0.2925
Keon Ellis,2022,80,1,0,bench,bust,0.4533,0.4533,0.397,0.1383,0.0114,1,True,0.6667,0.7078,0.2922
Ben Sheppard,2023,37,1,0,bench,bust,0.493,0.493,0.3158,0.1807,0.0105,1,True,0.6667,0.7086,0.2914
Leonard Miller,2023,33,1,2,bench,starter,0.3427,0.2316,0.3393,0.3427,0.0864,1,True,0.6667,1.2838,0.2838
Quenton Jackson,2022,89,1,0,bench,bust,0.4425,0.4425,0.411,0.1303,0.0163,1,True,0.6667,0.7204,0.2796
Isaiah Livers,2021,49,1,0,bench,bust,0.4309,0.4309,0.4251,0.1355,0.0084,1,True,0.6667,0.7215,0.2785
Orlando Robinson,2022,60,1,0,bench,bust,0.4757,0.4757,0.3435,0.1618,0.0191,1,True,0.6667,0.7243,0.2757
Jordan Miller,2023,54,1,0,bench,bust,0.4407,0.4407,0.386,0.1634,0.0099,1,True,0.6667,0.7426,0.2574
Jake LaRavia,2022,42,1,0,bench,bust,0.4756,0.4756,0.311,0.1921,0.0213,1,True,0.6667,0.7591,0.2409
Johnny Juzang,2022,67,1,0,bench,bust,0.4167,0.4167,0.4151,0.1527,0.0155,1,True,0.6667,0.767,0.233
Kobe Brown,2023,58,1,0,bench,bust,0.431,0.431,0.3743,0.1806,0.014,1,True,0.6667,0.7776,0.2224
Neemias Queta,2021,46,1,0,bench,bust,0.4127,0.4127,0.3947,0.1757,0.0168,1,True,0.6667,0.7967,0.2033
David Duke,2021,51,1,0,bench,bust,0.4274,0.4274,0.3735,0.1681,0.031,1,True,0.6667,0.8027,0.1973
Jordan Walsh,2023,43,1,0,bench,bust,0.4221,0.4221,0.3664,0.1843,0.0271,1,True,0.6667,0.8164,0.1836
Julian Champagnie,2022,59,1,0,bench,bust,0.4004,0.4004,0.3998,0.1732,0.0265,1,True,0.6667,0.8258,0.1742
Trendon Watford,2021,80,1,0,bench,bust,0.3915,0.3915,0.3832,0.2033,0.022,1,True,0.6667,0.8558,0.1442
Jeremiah Robinson-Earl,2021,44,1,0,bench,bust,0.4032,0.4032,0.3242,0.2201,0.0525,1,True,0.6667,0.9218,0.0782
Isaiah Jackson,2021,34,1,0,bench,bust,0.3833,0.3833,0.346,0.2157,0.0551,1,True,0.6667,0.9426,0.0574
Oscar Tshiebwe,2023,63,1,0,bench,bust,0.3988,0.3988,0.3089,0.2298,0.0625,1,True,0.6667,0.9559,0.0441
Dereon Seabron,2022,66,0,0,bust,bust,0.4079,0.4079,0.3433,0.2123,0.0366,0,True,1.0,0.8775,0.8775
Julian Phillips,2023,30,0,0,bust,bust,0.396,0.396,0.3698,0.2053,0.0289,0,True,1.0,0.8671,0.8671
JT Thor,2021,39,0,0,bust,bust,0.4135,0.4135,0.3612,0.1913,0.0339,0,True,1.0,0.8456,0.8456
Kendall Brown,2022,45,0,0,bust,bust,0.4445,0.4445,0.3189,0.2115,0.0251,0,True,1.0,0.8171,0.8171
Javonte Smart,2021,97,0,0,bust,bust,0.4158,0.4158,0.3983,0.1668,0.0191,0,True,1.0,0.7893,0.7893
JD Davison,2022,50,0,0,bust,bust,0.4529,0.4529,0.3347,0.186,0.0265,0,True,1.0,0.7861,0.7861
Jamaree Bouyea,2022,43,0,0,bust,bust,0.419,0.419,0.3957,0.1674,0.0179,0,True,1.0,0.7843,0.7843
Alondes Williams,2022,61,0,0,bust,bust,0.414,0.414,0.4058,0.1671,0.0131,0,True,1.0,0.7793,0.7793
Patrick Baldwin,2022,41,0,0,bust,bust,0.4506,0.4506,0.3483,0.179,0.0221,0,True,1.0,0.7726,0.7726
Josh Minott,2022,48,0,0,bust,bust,0.452,0.452,0.3439,0.1861,0.0181,0,True,1.0,0.7702,0.7702
Greg Brown,2021,38,0,0,bust,bust,0.4709,0.4709,0.3309,0.1758,0.0224,0,True,1.0,0.7498,0.7498
Keyontae Johnson,2023,51,0,0,bust,bust,0.4514,0.4514,0.3711,0.1648,0.0126,0,True,1.0,0.7387,0.7387
Emoni Bates,2023,55,0,0,bust,bust,0.4494,0.4494,0.3831,0.1477,0.0199,0,True,1.0,0.738,0.738
Adama Sanogo,2023,48,0,0,bust,bust,0.4626,0.4626,0.3553,0.1691,0.013,0,True,1.0,0.7325,0.7325
Jordan Hall,2022,54,0,0,bust,bust,0.4825,0.4825,0.324,0.1736,0.0198,0,True,1.0,0.7308,0.7308
Jacob Toppin,2023,67,0,0,bust,bust,0.4373,0.4373,0.4113,0.137,0.0145,0,True,1.0,0.7286,0.7286
Colby Jones,2023,39,0,0,bust,bust,0.5104,0.5104,0.2796,0.1957,0.0143,0,True,1.0,0.7138,0.7138
Scottie Lewis,2021,78,0,0,bust,bust,0.484,0.484,0.334,0.1693,0.0127,0,True,1.0,0.7108,0.7108
Adam Flagler,2023,53,0,0,bust,bust,0.4811,0.4811,0.3441,0.1635,0.0113,0,True,1.0,0.7049,0.7049
Joe Wieskamp,2021,48,0,0,bust,bust,0.4969,0.4969,0.3366,0.1572,0.0093,0,True,1.0,0.679,0.679
Seth Lundy,2023,32,0,0,bust,bust,0.4949,0.4949,0.3491,0.1441,0.0119,0,True,1.0,0.673,0.673
Chris Livingston,2023,62,0,0,bust,bust,0.5104,0.5104,0.3292,0.1494,0.011,0,True,1.0,0.661,0.661
John Butler,2022,28,0,0,bust,bust,0.5002,0.5002,0.3544,0.1356,0.0098,0,True,1.0,0.655,0.655
Marcus Garrett,2021,68,0,0,bust,bust,0.4944,0.4944,0.3666,0.1319,0.007,0,True,1.0,0.6515,0.6515
Caleb Houstan,2022,38,0,0,bust,bust,0.5273,0.5273,0.3061,0.1583,0.0083,0,True,1.0,0.6477,0.6477
Carlik Jones,2021,75,0,0,bust,bust,0.5125,0.5125,0.3514,0.1241,0.0119,0,True,1.0,0.6354,0.6354
MarJon Beauchamp,2022,33,0,0,bust,bust,0.5223,0.5223,0.3364,0.1305,0.0108,0,True,1.0,0.6299,0.6299
Bilal Coulibaly,2023,12,2,2,starter,starter,0.328,0.2163,0.3223,0.328,0.1333,0,True,1.0,1.3783,0.6217
Gui Santos,2022,92,0,0,bust,bust,0.5452,0.5452,0.3081,0.1374,0.0093,0,True,1.0,0.6107,0.6107
Gabe Brown,2022,87,0,0,bust,bust,0.5241,0.5241,0.3617,0.1086,0.0056,0,True,1.0,0.5958,0.5958
Yves Pons,2021,79,0,0,bust,bust,0.5195,0.5195,0.3815,0.091,0.0081,0,True,1.0,0.5876,0.5876
Luka Garza,2021,73,0,0,bust,bust,0.5638,0.5638,0.295,0.1355,0.0058,0,True,1.0,0.5832,0.5832
Omari Moore,2023,59,0,0,bust,bust,0.5472,0.5472,0.3391,0.1058,0.0079,0,True,1.0,0.5744,0.5744
Michael Foster,2022,53,0,0,bust,bust,0.5867,0.5867,0.2663,0.1402,0.0068,0,True,1.0,0.5671,0.5671
Kenneth Lofton,2022,69,0,0,bust,bust,0.5995,0.5995,0.2536,0.1337,0.0132,0,True,1.0,0.5605,0.5605
Antoine Davis,2023,99,0,0,bust,bust,0.5564,0.5564,0.3375,0.0973,0.0088,0,True,1.0,0.5585,0.5585
Jermaine Samuels,2022,94,0,0,bust,bust,0.546,0.546,0.3641,0.0817,0.0082,0,True,1.0,0.5522,0.5522
Jamorko Pickett,2021,93,0,0,bust,bust,0.5463,0.5463,0.363,0.084,0.0067,0,True,1.0,0.551,0.551
Kendric Davis,2023,95,0,0,bust,bust,0.5851,0.5851,0.2968,0.1097,0.0084,0,True,1.0,0.5415,0.5415
Drew Peterson,2023,73,0,0,bust,bust,0.5674,0.5674,0.3341,0.0922,0.0064,0,True,1.0,0.5375,0.5375
Matthew Hurt,2021,83,0,0,bust,bust,0.6457,0.6457,0.185,0.1561,0.0131,0,True,1.0,0.5367,0.5367
DMoi Hodge,2023,90,0,0,bust,bust,0.5902,0.5902,0.2976,0.1049,0.0073,0,True,1.0,0.5292,0.5292
McKinley Wright,2021,74,0,0,bust,bust,0.5871,0.5871,0.3041,0.1036,0.0052,0,True,1.0,0.5268,0.5268
Lester Quinones,2022,51,0,0,bust,bust,0.6316,0.6316,0.2394,0.1236,0.0054,0,True,1.0,0.5028,0.5028
Buddy Boeheim,2022,98,0,0,bust,bust,0.5989,0.5989,0.3072,0.0885,0.0053,0,True,1.0,0.5002,0.5002
Hunter Tyson,2023,60,0,0,bust,bust,0.6435,0.6435,0.2271,0.1253,0.0041,0,True,1.0,0.49,0.49
Donovan Williams,2022,58,0,0,bust,bust,0.6258,0.6258,0.2647,0.1048,0.0047,0,True,1.0,0.4885,0.4885
Feron Hunt,2021,89,0,0,bust,bust,0.6273,0.6273,0.2744,0.0925,0.0057,0,True,1.0,0.4767,0.4767
Tari Eason,2022,19,2,2,starter,starter,0.4437,0.1525,0.2788,0.4437,0.125,0,True,1.0,1.5411,0.4589
Ausar Thompson,2023,8,2,2,starter,starter,0.41,0.1364,0.3102,0.41,0.1434,0,True,1.0,1.5604,0.4396
Markquis Nowell,2023,92,0,0,bust,bust,0.6704,0.6704,0.2275,0.0973,0.0048,0,True,1.0,0.4366,0.4366
Alex Fudge,2023,88,0,0,bust,bust,0.6612,0.6612,0.2474,0.0876,0.0038,0,True,1.0,0.434,0.434
Jaylin Williams,2022,26,1,1,bench,bench,0.3351,0.1998,0.3351,0.3259,0.1391,0,True,1.0,1.4043,0.4043
Keegan Murray,2022,6,2,2,starter,starter,0.3941,0.1423,0.2576,0.3941,0.2059,0,True,1.0,1.6636,0.3364
Tyrese Martin,2022,95,1,1,bench,bench,0.4772,0.4022,0.4772,0.1107,0.01,0,True,1.0,0.7285,0.2715
Anthony Black,2023,5,2,2,starter,starter,0.505,0.0338,0.0782,0.505,0.383,0,True,1.0,2.2372,0.2372
Corey Kispert,2021,14,2,2,starter,starter,0.6725,0.0877,0.1458,0.6725,0.0939,0,True,1.0,1.7727,0.2273
Davion Mitchell,2021,13,2,2,starter,starter,0.4423,0.0995,0.236,0.4423,0.2222,0,True,1.0,1.7872,0.2128
Blake Wesley,2022,18,1,1,bench,bench,0.3825,0.2578,0.3825,0.2807,0.079,0,True,1.0,1.181,0.181
Jabari Smith,2022,1,2,2,starter,starter,0.5302,0.0351,0.0941,0.5302,0.3407,0,True,1.0,2.1764,0.1764
Aaron Wiggins,2021,40,1,1,bench,bench,0.4197,0.3832,0.4197,0.1764,0.0208,0,True,1.0,0.8347,0.1653
Ron Harper Jr.,2022,35,1,1,bench,bench,0.4574,0.3582,0.4574,0.1639,0.0205,0,True,1.0,0.8468,0.1532
Jaden Ivey,2022,2,2,2,starter,starter,0.6051,0.063,0.1794,0.6051,0.1524,0,True,1.0,1.8469,0.1531
Olivier-Maxence Prosper,2023,27,1,1,bench,bench,0.4416,0.2334,0.4416,0.2689,0.056,0,True,1.0,1.1475,0.1475
Nick Smith,2023,18,1,1,bench,bench,0.4376,0.25,0.4376,0.2298,0.0826,0,True,1.0,1.1451,0.1451
Marcus Sasser,2023,40,1,1,bench,bench,0.4246,0.3703,0.4246,0.1822,0.0228,0,True,1.0,0.8576,0.1424
Cason Wallace,2023,13,2,2,starter,starter,0.4588,0.0636,0.1042,0.4588,0.3734,0,True,1.0,2.142,0.142
Kris Murray,2023,17,1,1,bench,bench,0.4398,0.2436,0.4398,0.2484,0.0682,0,True,1.0,1.1412,0.1412
Sandro Mamukelashvili,2021,72,1,1,bench,bench,0.4718,0.3452,0.4718,0.1603,0.0226,0,True,1.0,0.8603,0.1397
Mouhamed Gueye,2023,76,1,1,bench,bench,0.4388,0.3596,0.4388,0.1819,0.0198,0,True,1.0,0.8619,0.1381
Jared Rhoden,2022,63,1,1,bench,bench,0.477,0.3361,0.477,0.1629,0.024,0,True,1.0,0.8748,0.1252
Jalen Wilson,2023,50,1,1,bench,bench,0.4358,0.3404,0.4358,0.1864,0.0375,0,True,1.0,0.921,0.079
Max Christie,2022,15,1,1,bench,bench,0.3956,0.3631,0.3956,0.1922,0.0492,0,True,1.0,0.9274,0.0726
Jarace Walker,2023,10,2,2,starter,starter,0.5225,0.072,0.1658,0.5225,0.2397,0,True,1.0,1.9299,0.0701
Julian Strawther,2023,25,1,1,bench,bench,0.4259,0.3376,0.4259,0.1999,0.0366,0,True,1.0,0.9354,0.0646
Gradey Dick,2023,7,2,2,starter,starter,0.5259,0.0696,0.1561,0.5259,0.2484,0,True,1.0,1.9531,0.0469
Jaden Hardy,2022,24,1,1,bench,bench,0.3858,0.325,0.3858,0.2117,0.0775,0,True,1.0,1.0417,0.0417
Bennedict Mathurin,2022,5,2,2,starter,starter,0.5089,0.0538,0.1464,0.5089,0.291,0,True,1.0,2.0371,0.0371
Day'Ron Sharpe,2021,53,1,1,bench,bench,0.4035,0.3307,0.4035,0.2359,0.0299,0,True,1.0,0.9651,0.0349
Ricky Council,2023,49,1,1,bench,bench,0.4379,0.3162,0.4379,0.2049,0.041,0,True,1.0,0.9708,0.0292
Jeremy Sochan,2022,12,2,2,starter,starter,0.6227,0.0415,0.1396,0.6227,0.1962,0,True,1.0,1.9736,0.0264
Trayce Jackson-Davis,2023,21,1,1,bench,bench,0.4034,0.3391,0.4034,0.2012,0.0563,0,True,1.0,0.9747,0.0253
Joshua Primo,2021,19,1,1,bench,bench,0.4536,0.291,0.4536,0.2112,0.0442,0,True,1.0,1.0085,0.0085
Jordan Hawkins,2023,15,1,1,bench,bench,0.4138,0.3201,0.4138,0.219,0.0471,0,True,1.0,0.9932,0.0068
